age,region,cases,total,ltotal
35-44,south,75,220407,12.30323112
45-54,south,68,198119,12.19662314
55-64,south,63,134084,11.80622175
65-74,south,45,70708,11.166314
75+,south,27,34233,10.44094537
<35,south,64,1074246,13.88712958
35-44,north,76,564535,13.24375766
45-54,north,98,592983,13.29292101
55-64,north,104,450740,13.01864596
65-74,north,63,270908,12.50953456
75+,north,80,161850,11.99442526
<35,north,61,2880262,14.87339182
